TDSFU Daily run: Sun Oct 26 15:32:20 UTC 2025 TDSFU
TDSFU Daily run: Mon Oct 27 04:42:56 UTC 2025 TDSFU
TDSFU Daily run: Tue Oct 28 04:35:40 UTC 2025 TDSFU
TDSFU Daily run: Wed Oct 29 04:41:36 UTC 2025 TDSFU
TDSFU Daily run: Thu Oct 30 04:35:48 UTC 2025 TDSFU
TDSFU Daily run: Fri Oct 31 04:43:39 UTC 2025 TDSFU
TDSFU Daily run: Sat Nov  1 04:33:08 UTC 2025 TDSFU
TDSFU Daily run: Sun Nov  2 04:35:56 UTC 2025 TDSFU
TDSFU Daily run: Mon Nov  3 04:42:20 UTC 2025 TDSFU
TDSFU Daily run: Tue Nov  4 04:36:01 UTC 2025 TDSFU
TDSFU Daily run: Wed Nov  5 04:36:39 UTC 2025 TDSFU
TDSFU Daily run: Thu Nov  6 04:42:03 UTC 2025 TDSFU
TDSFU Daily run: Fri Nov  7 04:36:07 UTC 2025 TDSFU
